RedJade Code,0,1
XGE,-0.31665543,-0.5529739
OZP,-0.1473633,0.13771205
VUB,-0.3056689,0.03999231
GZI,-0.39910156,-0.25517642
OQR,-0.47575757,-0.26355374
WHV,-0.5677109,0.4476015
GUG,-0.36280793,-0.43953618
XHR,0.22348456,-0.27528015
ECI,-0.38089854,-0.37059242
LBZ,-0.33486298,-0.16754095
BIF,-0.044699162,-0.28799608
ZKC,-0.22365804,-0.35548955
HWH,0.0031607393,-0.38083807
TRH,0.46029884,-0.081858546
XOD,-0.10488047,-0.4054489
DRX,0.8415025,0.034020107
IMA,0.75769264,0.1626723
WCF,-0.51208514,-0.47276187
DAO,-0.50420046,-0.41057676
LGI,-0.33477277,-0.660741
JKT,-0.6505213,-0.10587482
OHF,-0.43847594,0.6365162
RYY,-0.539154,-0.26926088
ZBS,0.019075211,-0.536417
PXT,0.27014664,0.4396385
KBU,-0.7164682,0.6328105
JJP,-0.57316667,0.21792883
EVV,-0.2206213,-0.07812036
HFX,-0.28257668,-0.17841114
NMW,-0.23035188,-0.21848413
VAU,-0.4571133,0.07230305
INK,-0.101516776,-0.030106893
MZZ,-0.5658792,-0.16938078
HIX,0.71327096,0.12042187
UBS,-0.5040447,-0.3358821
JOZ,0.51293886,-0.32939947
PLC,-0.1424789,0.20568529
JGN,-0.07847108,-0.35304514
HJH,-0.4529255,-0.2942847
UUA,-0.4909784,-0.3511626
MUK,-0.10872038,0.029506298
WXH,-0.57891047,-0.39348507
ENR,0.16943909,0.5378306
TYB,0.33383498,0.18148372
GFG,0.12166378,-0.05980883
JYS,-0.71641386,0.20438658
PTF,0.2663362,0.04951371
GON,0.45344225,0.45221183
VFA,-0.46395442,-0.41813368
QGE,-0.47261715,-0.3239202
ZUJ,-0.061040714,-0.22381608
BXX,0.08693337,-0.24473736
XQA,-0.39195806,-0.4498876
JFU,-0.012229101,-0.21058725
ODU,-0.18376482,-0.6959043
BRF,-0.13029459,0.36148632
VZY,-0.16019985,0.020243455
AFB,0.44644755,0.015748085
ZFZ,-0.6164768,0.1296462
JJF,-0.40191567,0.91891456
LUC,-0.37911463,-0.2297054
OVF,0.28882,0.22663002
TPN,-0.051898763,0.11771978
NUQ,0.040642764,0.58267576
JJH,-0.59070855,-0.11504002
IZX,-0.1565627,0.27680442
XLB,0.56869715,0.23750326
UMX,0.056728974,-0.12339583
AYC,0.23613997,0.15750901
QLX,0.028894063,-0.55066895
GLM,-0.06081495,-0.7517866
EXX,-0.30849078,-0.36351913
ZJR,-0.5351168,-0.32936072
PBI,-0.24246082,-0.5047278
SHH,-0.43639866,-0.4090718
NPN,0.18681742,-0.07310603
BGA,0.3542639,-0.13019584
MAR,-0.5401346,0.9016454
GBW,-0.58936536,0.11064849
TRC,0.4066696,0.019444656
FEI,-0.4296092,0.67890686
YOQ,-0.71149766,0.7687637
ACG,-0.495797,0.99506176
PKB,0.47975537,0.29489574
SRY,-0.28576958,-0.44940406
LBR,0.30245483,-0.030869229
DIJ,-0.19217314,0.45263413
PZC,-0.15606104,0.22825019
ESF,-0.09284437,0.24647291
ECM,-0.28439912,-0.00026254688
JVF,-0.17961115,0.30726945
CGJ,-0.031745438,-0.7482883
CLM,-0.21094064,-0.4764138
JPS,-0.13039297,-0.9132807
CWE,-0.06838725,-0.8995076
UXK,0.18129674,-0.071206905
RDB,-0.12640974,-0.66335875
NXT,-0.20666873,-0.45573115
XBH,-0.18961969,-0.5961768
JQG,0.19783641,0.27964386
EGW,-0.3906652,-0.5917734
LZN,-0.12793508,-0.6070458
RNU,0.85954946,-0.22365172
NCO,1.0151421,0.15261754
SVI,0.29437217,-0.4478549
LRH,0.10150972,0.31088254
HJL,-0.18526985,-0.32789057
LOL,-0.25546223,-0.48720312
IRW,0.17830761,-0.1491271
ZDX,0.5056044,-0.22793812
PQG,-0.35945502,0.81806093
WKM,-0.23092538,0.20689389
FEL,0.26468927,-0.22687808
YTH,-0.5540121,1.1227418
ZUZ,-0.46593904,-0.2914
WAI,-0.20859693,-0.38775948
DSF,-0.04727488,0.33910805
MLL,-0.15698348,0.06111783
PAW,-0.14946444,0.5120501
TDC,-0.4393227,-0.44989976
OXW,0.7017733,0.2646258
SKU,1.1054432,0.09051464
WGR,-0.15564772,-0.34470013
RIP,-0.31684846,-0.46514004
NNS,-0.24282464,0.100411825
ECV,-0.2887853,0.119145505
EPW,-0.45255554,0.9034034
AQF,-0.68336767,0.020418022
ZZF,-0.3252467,-0.36986873
GEJ,-0.5694446,0.6594236
UVW,-0.054423653,-0.09895537
JTT,-0.62498915,-0.35049546
QAK,-0.12819181,0.37868756
AXO,-0.52769744,-0.49048004
OAE,0.44217932,0.09985896
AOH,-0.7799162,-0.07367656
DFF,-0.38521227,-0.32552448
IXF,0.16968413,-0.049574547
QQE,-0.30519867,-0.18764687
CMA,-0.56585544,-0.064227596
MGO,-0.036750756,-0.020596765
ETS,0.46412465,0.2669379
HSX,0.42057,0.2544633
OUY,0.57645994,-0.04549527
IVM,-0.7310164,-0.15699513
LEK,0.22781274,0.081951596
INN,-0.6269904,0.14318904
XCM,-0.16218722,0.24731436
BDW,0.06058012,-0.19221486
LRQ,0.044112302,0.17810117
DOX,-0.07216379,-0.38456443
UBT,0.3860792,0.18238045
KTQ,0.48181623,-0.09701379
PKM,0.011290661,0.123841874
ARL,-0.26904505,-0.2767993
XRT,-0.18570031,-0.1336114
ZMP,0.3500451,0.03558404
UBZ,0.477646,-0.0525251
ACR,0.43417764,-0.02387717
MHM,0.60630333,0.13356969
HDK,0.37090123,0.01671636
LIV,0.9760792,-0.04535025
TPS,0.27034333,-0.18058501
XEU,-0.58447754,0.94321597
SOE,-0.6122405,-0.08650973
SNA,-0.43601987,0.47610798
KLZ,-0.21883722,0.6750833
MMA,-0.5276726,0.9251995
HUN,-0.47937694,0.81616116
HMD,-0.5232207,1.0862283
HRN,-0.48912445,0.4496856
AJN,-0.4307868,1.0378925
UWO,-0.10054334,0.5463063
CIX,0.110902324,0.10686253
FSV,0.22813168,0.19379492
JDM,0.14221334,0.2398626
FFD,-0.8330376,0.16654144
RQY,-0.37091646,0.7408879
AJU,-0.8279995,0.13913186
VIT,-0.60750556,0.25285214
JMR,0.35734418,0.27309477
OBA,0.089018956,0.74339116
XYD,0.5846937,0.8101617
XKL,-0.14076291,0.43028426
YQW,-0.22763585,0.039450068
TOY,-0.20924333,0.35083663
GXK,-0.5887984,0.010714814
PTB,-0.13467659,0.042702224
UOS,-0.4293135,0.7543824
ZFC,1.0342301,-0.059626076
UTG,0.34120792,-0.22564018
VGG,0.06594237,-0.0013481159
KOP,-0.555453,-0.3067499
LPC,1.1486307,-0.00027321072
JLG,1.0951307,-0.04042594
ULU,0.7233064,0.1093695
LXW,0.4394946,0.03786187
HBY,0.38202584,-0.09496114
IYX,0.2994889,-0.08800672
PFP,0.38286853,0.0070905224
ZHN,0.21241514,0.024861293
GOL,0.9555786,0.21300496
HSR,-0.12443334,-0.45240766
MGC,0.7654653,0.04270375
YOP,-0.3963813,-0.331299
QES,0.123127595,-0.027976945
TZN,-0.092118405,-0.2127849
KDR,0.11821568,-0.12615097
BJH,0.24657586,-0.09995715
HXO,0.79404515,0.28334275
ZBG,0.47708118,-0.033348747
RUC,0.72748154,0.020225469
MWN,1.0436705,0.20470639
UNS,0.11630945,-0.22616453
LZG,0.1370501,-0.03870343
VOA,-0.72454375,-0.05753219
CSF,-0.47238448,0.73437655
WCH,-0.611291,0.9392077
IEZ,-0.680049,0.7833912
PNH,-0.5856896,0.89557326
CTT,-0.3678228,0.72630477
PVA,-0.62310696,-0.053076215
YOI,-0.4843732,-0.0682058
OPX,-0.2604068,0.38523605
OFL,-0.4747522,0.9160541
KWA,0.22662453,0.49229118
SEO,0.022200953,0.68605566
MDD,-0.42513102,0.0018020568
UYA,0.14301708,0.13547303
UGH,-0.43785724,0.33348486
STM,-0.09977347,0.08146357
XXL,-0.5353156,-0.1717278
IKN,0.028619528,0.7582544
YGH,0.4543393,0.33172694
QSM,0.49056143,-0.05605338
BFD,-0.30063906,-0.29614466
XMP,0.952658,-0.031971607
ZZG,-0.6324159,-0.18118683
GRR,0.59408706,0.2165559
BCQ,0.20107992,-0.099043846
DTB,-0.14730641,-0.36786506
STF,-0.122328684,-0.56229335
GRO,0.33001378,0.08948797
ZOY,-0.72440356,-0.08475569
CYI,-0.08108695,-0.2995045
LCC,-0.4288682,-0.18175447
JIC,-0.6329683,-0.20389327
HAF,-0.40714693,-0.4206911
SWE,-0.32882586,-0.5883968
TLT,-0.69896144,-0.19881372
UXQ,-0.459376,-0.25060984
KRN,-0.0477771,-0.37156758
ADL,-0.56531614,-0.30596578
RSD,0.07256348,-0.68394876
MNR,0.56591225,-0.012154664
EMK,0.56825846,0.365471
BHW,0.51029456,0.22377548
XEN,0.41485855,0.47967225
ZBL,0.8585915,0.25275025
OPG,0.52636796,-0.1515738
UDP,0.8837073,0.2618457
NUJ,-0.22181332,-0.14653541
XMX,1.0032345,-0.2897639
NLM,1.255991,0.04424973
LKX,1.2173604,0.016278544
TEU,1.2525685,0.054812644
UNF,0.39909175,0.3241951
SPQ,0.62857264,0.15673198
NZX,0.29926,-0.6672948
EMF,-0.26338822,-0.29461807
VRJ,-0.2294337,-0.6058232
MAB,-0.06106237,-0.44098222
QQM,0.81257904,0.11342882
TGU,0.19682854,-0.39926237
LMH,-0.13730001,-0.28162724
MEH,0.8032729,-0.060179874
JHZ,-0.38971803,-0.2528677
DUO,-0.40817562,-0.22571056
JTA,0.37030333,-0.118022494
YXB,0.6671944,0.10235901
PSK,0.19572248,-0.4170281
FLP,0.11740047,-0.41795367
EST,0.84712714,-0.1722129
GGG,-0.3750806,-0.34150773
FKB,-0.037863366,-0.27221382
SIE,-0.32458282,-0.3899986
IIO,-0.10439686,-0.45259365
RJI,0.22941016,-0.4393534
VWR,-0.39025056,-0.4177983
FKM,0.5356998,-0.028991332
KLS,-0.02280495,-0.49591205
NGL,1.0410944,-0.33574304
LMV,0.53316003,0.072355494
FCD,0.45187694,0.39397871
LIM,1.023044,0.35708988
ROO,1.2069001,0.089485034
RUT,1.1768655,0.21540606
EIS,1.0128735,0.13072094
PLK,0.9934939,0.41228205
QIQ,0.3051801,0.51725084
KHQ,0.048077993,-0.13792947
VUO,1.220219,-0.013347328
RMP,1.1146129,0.08243399
INC,0.96910936,0.3706436
ZEW,-0.17163377,-0.03721198
QFO,-0.16302337,0.028813237
TDI,-0.40435177,-0.24536452
JWQ,-0.3961172,-0.21754809
MAV,-0.21220814,-0.19513032
WCQ,-0.1574995,-0.22042418
GYM,0.29860878,-0.015051977
STR,0.22661915,-0.00011974292
TUD,0.11316962,-0.112500004
PKP,0.54527736,0.1593151
QTV,0.7118711,0.2339103
GLI,0.6582134,-0.06248367
RVX,0.33754805,-0.029617
ASY,0.37790155,-0.07473918
IJD,0.2109171,-0.058712427
GMU,0.69965607,0.2965114
QZH,-0.48363292,-0.20165247
XFN,0.79762655,0.09376635
QBM,-0.26154265,-0.23173489
LMM,0.33868578,-0.0552171
YPH,0.21486004,-0.33336926
OLM,-0.08296653,-0.31464088
GZB,0.35517216,-0.08691631
ETK,0.19224252,0.01556538
GSC,0.086276926,-0.18641502
BGB,0.4326443,0.07493462
SQP,0.795575,0.28027523
ZWN,-0.04972838,-0.13167983
DIL,-0.18567683,-0.27733266
XOU,-0.05818438,-0.18959735
KPZ,0.8308393,0.03500881
FQX,0.45097676,0.15853892
AUC,-0.6085622,0.3145992
QQJ,-0.31411242,-0.19352923
LXZ,-0.37071243,-0.20999461
ZIH,0.18595433,0.45034483
BAN,-0.13275404,0.097194955
BOB,-0.14832479,0.38013944
QKU,-0.26379877,0.047224283
CVI,0.56431824,0.21583112
TWI,-0.22104672,0.16459168
TKH,0.47201294,0.21815519
PSA,-0.35397032,-0.4099079
PRY,-0.21385646,0.034812152
CLB,-0.26578197,-0.46149763
WTS,0.09353728,0.011728686
TVX,-0.4207544,-0.2826403
YGY,0.28321734,-0.10470447
PLF,0.17240329,-0.09650455
MTJ,-0.246587,-0.24342677
PJK,-0.3926064,-0.6068169
YTJ,-0.16955496,0.5260645
XAY,-0.34008133,-0.26163712
JYM,-0.36392263,-0.17585091
MCZ,-0.58153284,-0.33268073
KNA,-0.09113046,-0.21603969
QNI,-0.09236165,-0.24143526
UVM,0.03963433,0.035157062
ELC,-0.032543782,-0.055820893
DJJ,0.23602915,0.09066302
VSE,-0.23624173,-0.29503575
UGR,-0.15711598,-0.22385572
XWW,-0.53637284,-0.26739314
KLW,-0.510496,-0.44146013
ROC,-0.2248882,-0.5393184
MIO,-0.48911402,-0.33780247
ITH,-0.3955601,-0.13288413
DRR,0.09035899,0.49198166
JVN,-0.14918825,0.28384632
KBP,0.29915363,-0.03651423
HLX,1.0528921,0.3374068
NMR,-0.44774476,-0.3232927
PCT,-0.095527,-0.33123627
SVD,-0.40148705,-0.37836006
BGZ,0.06433028,-0.26458728
JMX,-0.14775103,-0.62766016
YWZ,0.39612472,0.18100563
KFA,0.21284176,0.1202439
WUG,0.91252124,-0.08592997
USG,-0.12381155,-0.3161481
MQG,0.7280863,-0.1689276
OCC,0.17948844,-0.23243009
TTE,-0.39898145,-0.26768368
TJU,-0.56885445,-0.18814003
YCD,0.80290616,-0.14044747
QWB,-0.19545422,-0.6045381
OTE,1.2171135,0.12270912
YGD,1.0162469,-0.25627235
ZIV,1.0528938,-0.0869217
RLK,0.66566366,-0.47066513
LSB,0.9595251,-0.031029155
DQI,1.0422297,0.020068174
FGW,0.6321996,0.01628326
JBL,-0.7169332,0.76071966
FAC,-0.6688136,-0.09502346
ZTW,-0.44037032,-0.05842268
AHP,-0.12195545,-0.6049312
MJC,-0.7528706,-0.041981783
OTQ,-0.9253991,0.1597132
TSR,-0.7547553,0.9556666
HWA,-0.75289375,0.77009577
FSL,-0.52339846,0.6770267
NSO,-0.5828117,-0.26376665
NXO,-0.5848137,-0.24854599
WHI,-0.1982736,0.54816025
ROE,0.007325877,0.046066906
ZWB,-0.7191526,0.923609
AOR,-0.660754,0.7864572
OWC,-0.7280619,0.7819129
BMF,-0.28043824,0.2958351
GUO,0.2570652,-0.010847065
JIR,-0.74308854,0.970325
YUF,-0.9426778,0.16089046
ALM,-0.83385694,0.32633907
